begin;

insert into organizations (id, name) values
  ('10000000-0000-4000-8000-000000000001', 'Смена Строй'),
  ('10000000-0000-4000-8000-000000000002', 'Другая организация');

insert into users (id, phone_normalized, display_name, status) values
  ('20000000-0000-4000-8000-000000000001', '+79990000001', 'Александр Романов', 'active'),
  ('20000000-0000-4000-8000-000000000002', '+79990000002', 'Петров Алексей', 'active'),
  ('20000000-0000-4000-8000-000000000003', '+79990000003', 'Иванов Иван', 'active');

insert into memberships (organization_id, user_id, role, status) values
  ('10000000-0000-4000-8000-000000000001', '20000000-0000-4000-8000-000000000001', 'contractor', 'active'),
  ('10000000-0000-4000-8000-000000000001', '20000000-0000-4000-8000-000000000002', 'foreman', 'active'),
  ('10000000-0000-4000-8000-000000000001', '20000000-0000-4000-8000-000000000003', 'worker', 'active');

insert into objects (id, organization_id, name, code, status) values
  ('30000000-0000-4000-8000-000000000001', '10000000-0000-4000-8000-000000000001', 'ЖК «Северный»', 'Корпус 4', 'active'),
  ('30000000-0000-4000-8000-000000000002', '10000000-0000-4000-8000-000000000001', 'БЦ «Горизонт»', 'Секция А', 'active'),
  ('30000000-0000-4000-8000-000000000003', '10000000-0000-4000-8000-000000000001', 'Школа №18', 'Отделка', 'active'),
  ('30000000-0000-4000-8000-000000000004', '10000000-0000-4000-8000-000000000002', 'Скрытый объект', 'Чужой контур', 'active');

insert into object_memberships (organization_id, object_id, user_id, status) values
  ('10000000-0000-4000-8000-000000000001', '30000000-0000-4000-8000-000000000001', '20000000-0000-4000-8000-000000000002', 'active'),
  ('10000000-0000-4000-8000-000000000001', '30000000-0000-4000-8000-000000000002', '20000000-0000-4000-8000-000000000002', 'active'),
  ('10000000-0000-4000-8000-000000000001', '30000000-0000-4000-8000-000000000001', '20000000-0000-4000-8000-000000000003', 'active');

insert into object_daily_summaries (
  organization_id, object_id, summary_date, planned_workers, present_workers, day_progress, issue_count
) values
  ('10000000-0000-4000-8000-000000000001', '30000000-0000-4000-8000-000000000001', current_date, 15, 13, 72, 2),
  ('10000000-0000-4000-8000-000000000001', '30000000-0000-4000-8000-000000000002', current_date, 18, 17, 84, 0),
  ('10000000-0000-4000-8000-000000000001', '30000000-0000-4000-8000-000000000003', current_date, 14, 12, 51, 1),
  ('10000000-0000-4000-8000-000000000002', '30000000-0000-4000-8000-000000000004', current_date, 99, 99, 99, 99);

commit;
